{"height":854.2,"bbox_lonlat_proj":[-0.3919129665570581,-0.36233706573271157,0.4403048106170597,0.34852091540009134],"scale":1201.608554188309,"prov":{"Alberta":[[[224.8,679.5],[171.6,662.1],[167.4,647.2],[171.6,639.1],[171.2,627.3],[165.6,618.2],[160.3,595.1],[156.9,595.4],[155.6,584.9],[151.0,581.8],[152.7,578.6],[150.4,575.2],[147.0,576.0],[146.8,558.5],[142.1,555.1],[137.7,546.1],[140.5,544.7],[139.4,539.4],[193.5,425.4],[240.3,445.4],[288.6,461.6],[224.8,679.5]]],"British Columbia":[[[193.5,425.4],[139.4,539.4],[140.5,544.7],[137.7,546.1],[142.1,555.1],[146.8,558.5],[147.0,576.0],[150.4,575.2],[152.7,578.6],[151.0,581.8],[155.6,584.9],[156.9,595.4],[160.3,595.1],[165.6,618.2],[171.2,627.3],[171.6,639.1],[167.4,647.2],[171.6,662.1],[116.0,639.6],[58.3,611.5],[59.3,605.6],[64.9,605.3],[59.5,603.8],[63.9,598.2],[57.0,601.2],[53.1,594.1],[54.9,591.9],[55.5,595.8],[59.2,595.6],[56.3,592.7],[61.0,585.5],[60.0,584.0],[56.4,589.4],[51.9,589.4],[48.5,581.5],[49.5,572.5],[56.5,565.6],[50.5,570.8],[45.5,568.3],[46.4,565.1],[42.6,567.4],[35.0,560.8],[42.7,562.1],[35.6,558.0],[38.9,556.1],[39.7,551.3],[36.9,553.0],[29.1,547.5],[27.5,541.4],[31.4,537.1],[36.9,535.2],[44.7,538.6],[37.7,534.2],[31.2,535.4],[36.4,524.1],[46.3,522.7],[48.3,532.1],[47.5,521.9],[53.6,516.4],[51.0,519.3],[38.3,521.2],[30.3,527.5],[31.7,519.3],[40.5,515.4],[34.9,516.3],[43.3,508.2],[39.1,507.6],[41.0,501.0],[38.8,489.9],[44.0,489.1],[41.8,491.2],[48.7,502.7],[48.1,497.2],[44.1,492.9],[45.4,489.0],[49.0,488.6],[44.4,486.0],[31.5,492.0],[29.2,478.6],[36.9,473.7],[42.2,474.9],[37.0,472.6],[36.4,466.2],[57.0,454.3],[55.9,451.1],[47.6,457.9],[59.3,439.8],[49.0,420.4],[57.4,380.2],[55.6,356.0],[58.4,350.7],[57.8,344.6],[48.6,342.0],[40.7,347.3],[30.5,345.3],[33.6,339.2],[32.9,317.4],[69.9,348.9],[109.1,377.4],[150.3,403.0],[193.5,425.4]],[[27.5,554.0],[43.5,571.5],[42.9,590.1],[49.7,601.3],[49.8,620.8],[42.2,617.2],[31.4,602.1],[39.8,596.0],[36.4,598.9],[28.9,596.4],[28.6,584.9],[21.7,580.9],[23.5,577.3],[29.1,578.6],[20.1,568.1],[21.4,562.5],[14.3,558.3],[17.4,552.4],[21.7,556.1],[23.9,553.1],[16.3,550.4],[15.9,544.0],[21.9,545.0],[27.5,554.0]],[[11.1,455.4],[13.8,461.8],[6.5,464.2],[20.9,462.3],[8.0,474.1],[2.6,473.2],[0.1,468.3],[3.7,470.2],[3.4,457.1],[7.7,452.1],[11.1,455.4]],[[8.6,477.5],[6.5,482.9],[2.6,481.1],[5.7,487.9],[1.5,498.9],[0.0,472.6],[8.6,477.5]],[[38.4,504.3],[29.7,514.8],[34.4,506.1],[32.2,499.6],[37.3,495.2],[38.4,504.3]]],"Manitoba":[[[503.6,551.4],[449.5,615.6],[429.8,634.0],[425.6,713.7],[340.7,705.1],[354.5,564.0],[368.1,479.6],[441.3,487.1],[438.5,506.0],[445.3,513.5],[444.5,522.0],[447.0,513.1],[457.0,513.7],[464.7,542.5],[460.5,550.6],[481.7,543.7],[503.6,551.4]]],"New Brunswick":[[[868.5,689.3],[864.3,696.1],[861.0,694.3],[861.8,701.2],[850.3,716.0],[846.4,715.5],[846.7,713.0],[843.7,721.7],[831.0,725.6],[827.8,724.1],[824.5,716.1],[819.5,716.4],[809.0,690.3],[801.3,687.4],[794.4,693.3],[790.7,692.6],[797.3,684.8],[794.9,676.7],[797.9,674.0],[804.4,671.4],[808.8,672.9],[820.2,663.4],[828.1,663.5],[833.3,666.8],[839.6,659.9],[844.5,660.5],[844.9,668.6],[841.9,676.1],[848.6,674.0],[849.2,677.8],[857.2,686.5],[859.7,688.1],[869.4,685.8],[868.5,689.3]]],"Newfoundland and Labrador":[[[899.3,543.6],[893.3,533.7],[818.4,573.8],[815.7,568.5],[810.7,566.6],[816.3,559.3],[809.0,553.1],[806.5,561.0],[812.5,572.6],[814.6,582.0],[812.2,586.1],[809.9,582.0],[801.1,578.5],[793.9,584.0],[786.6,581.5],[786.1,584.4],[779.2,568.7],[778.4,575.4],[773.8,576.7],[770.5,564.6],[762.5,562.1],[756.0,555.4],[757.2,550.4],[753.8,544.7],[758.3,541.5],[751.9,534.0],[762.0,537.0],[756.8,526.3],[773.4,532.2],[795.4,525.2],[793.1,513.7],[795.8,508.4],[785.0,501.8],[784.8,498.1],[779.7,498.8],[776.8,495.7],[769.6,466.8],[764.7,467.7],[758.3,463.1],[760.7,454.3],[757.0,452.0],[761.6,447.3],[746.9,449.7],[751.3,446.1],[746.5,437.2],[742.2,438.6],[740.5,430.9],[737.4,429.7],[739.0,426.6],[736.1,425.1],[740.0,424.2],[738.7,429.6],[742.8,426.6],[746.1,432.3],[747.0,430.1],[752.5,434.5],[751.8,437.8],[758.4,438.8],[754.9,444.3],[761.1,440.4],[762.6,444.2],[766.9,444.5],[764.9,455.3],[772.3,447.9],[770.4,459.8],[776.6,453.6],[784.0,455.4],[786.6,461.0],[782.6,465.8],[788.9,464.2],[789.9,467.7],[798.5,468.7],[801.2,474.9],[788.8,478.4],[799.0,479.6],[797.9,482.5],[803.7,481.0],[802.0,484.9],[805.7,483.3],[806.9,487.8],[811.8,488.2],[814.6,485.0],[818.6,487.9],[820.2,485.6],[824.7,490.3],[824.5,500.3],[830.9,490.9],[835.5,491.5],[835.0,500.3],[837.1,490.1],[845.7,493.7],[853.6,488.2],[862.3,489.9],[855.3,507.0],[844.9,517.9],[843.8,524.1],[840.5,524.5],[845.3,525.8],[845.0,531.2],[855.8,508.4],[862.1,502.0],[857.9,503.9],[858.0,501.1],[866.8,497.5],[873.7,502.3],[871.5,507.9],[875.0,509.2],[880.9,498.5],[891.8,501.9],[900.2,513.7],[895.7,519.0],[902.7,516.3],[900.7,519.5],[907.0,521.8],[899.3,543.6]],[[916.3,530.7],[912.3,538.3],[918.2,541.9],[922.3,574.2],[924.2,560.8],[926.3,563.7],[933.3,558.2],[930.1,569.3],[932.7,566.4],[932.6,571.8],[941.8,564.6],[945.3,573.0],[949.8,558.8],[952.7,561.8],[962.2,555.6],[962.3,569.1],[969.1,567.8],[967.5,575.6],[977.1,562.8],[974.8,580.2],[981.5,585.0],[985.3,570.5],[989.0,583.3],[990.4,575.7],[994.6,578.5],[1000.0,597.7],[994.5,602.0],[988.4,593.2],[984.6,602.5],[981.9,590.1],[972.9,585.5],[974.7,595.8],[965.3,615.5],[962.0,613.9],[968.2,593.6],[961.0,603.2],[954.0,606.8],[953.6,599.1],[945.5,610.5],[914.3,627.2],[910.2,622.3],[916.3,604.5],[905.8,609.6],[907.8,604.0],[910.9,605.8],[909.5,594.8],[915.4,593.7],[908.6,588.0],[912.4,583.3],[904.7,550.9],[909.7,534.1],[916.3,530.7]]],"Nova Scotia":[[[866.3,694.5],[868.5,689.3],[892.8,686.8],[897.4,678.6],[901.8,681.4],[905.3,678.9],[908.3,680.1],[910.5,682.1],[908.8,684.8],[915.3,683.2],[890.8,711.0],[886.4,712.2],[888.2,716.2],[881.3,715.5],[881.3,719.2],[878.2,719.2],[880.3,723.3],[876.2,736.2],[871.4,743.0],[872.2,745.4],[867.8,747.7],[862.4,744.0],[858.8,745.1],[855.1,739.0],[856.0,728.7],[853.3,733.0],[853.5,731.3],[868.9,704.9],[876.0,709.1],[874.8,705.0],[883.3,697.5],[862.3,707.1],[866.3,694.5]],[[907.8,671.4],[910.6,669.0],[910.8,675.6],[914.6,672.5],[914.7,659.0],[921.8,658.7],[924.3,662.6],[917.0,675.1],[905.6,678.1],[901.7,669.2],[906.3,646.8],[912.5,661.1],[907.8,671.4]]],"Northwest Territories":[[[288.6,461.6],[222.6,438.3],[158.8,407.7],[161.5,387.0],[140.2,378.8],[145.1,365.1],[140.8,346.8],[135.7,342.5],[143.2,325.4],[141.8,319.0],[147.8,310.4],[147.7,295.3],[142.6,291.9],[141.9,281.2],[158.0,263.1],[149.5,256.8],[159.5,238.1],[146.6,227.3],[169.6,196.6],[173.6,205.5],[173.5,197.8],[179.3,193.6],[188.3,196.6],[191.1,193.5],[191.9,198.6],[187.0,201.4],[224.1,204.7],[222.0,208.1],[194.3,208.2],[186.3,211.4],[190.1,215.0],[203.0,208.9],[207.4,211.6],[205.1,216.0],[216.1,210.9],[226.0,211.5],[223.9,215.4],[236.4,211.0],[238.0,204.5],[239.7,234.8],[253.8,224.1],[247.3,238.8],[252.6,241.2],[260.4,235.4],[272.0,246.0],[258.5,276.0],[299.9,347.9],[314.6,352.7],[324.5,370.7],[381.7,394.6],[368.1,479.6],[288.6,461.6]],[[363.1,207.6],[345.9,266.2],[299.4,249.8],[297.9,256.9],[299.7,247.7],[336.9,256.9],[325.7,244.8],[301.0,236.5],[300.1,227.1],[321.8,225.8],[303.9,219.8],[308.4,216.7],[301.9,211.5],[311.9,198.6],[339.4,191.2],[334.4,206.5],[347.3,202.5],[354.1,210.6],[349.1,217.9],[363.1,207.6]],[[318.1,165.7],[330.6,168.5],[335.4,188.2],[299.0,199.9],[290.1,211.8],[271.8,211.9],[265.1,187.4],[294.2,161.5],[295.6,148.5],[313.1,153.3],[318.1,165.7]],[[377.9,156.8],[373.9,170.5],[358.0,174.9],[350.8,165.8],[370.8,160.7],[356.3,160.0],[357.4,152.3],[345.4,158.1],[338.6,148.5],[353.7,145.5],[343.7,142.3],[356.0,141.5],[348.6,137.2],[359.1,136.5],[354.9,132.8],[360.4,129.8],[377.9,156.8]],[[364.5,111.9],[348.6,129.9],[350.0,118.6],[332.7,132.5],[331.4,124.3],[321.6,124.8],[349.0,106.7],[364.5,111.9]],[[393.0,105.5],[388.8,116.6],[378.3,116.9],[378.3,104.9],[393.0,105.5]]],